{"stats":{"minecraft:custom":{"minecraft:open_barrel":1,"minecraft:time_since_rest":7194,"minecraft:crouch_one_cm":87,"minecraft:play_time":7194,"minecraft:sprint_one_cm":13449,"minecraft:walk_one_cm":11957,"minecraft:sneak_time":21,"minecraft:mob_kills":1,"minecraft:drop":2,"minecraft:jump":92,"minecraft:damage_dealt":20,"minecraft:leave_game":1,"minecraft:time_since_death":7194,"minecraft:total_world_time":7194,"minecraft:fall_one_cm":2148,"minecraft:interact_with_crafting_table":4,"minecraft:fly_one_cm":13451},"minecraft:dropped":{"alexsmobs:maggot":1,"minecraft:wooden_pickaxe":1},"minecraft:killed":{"alexsmobs:fly":1},"minecraft:crafted":{"minecraft:stone_sword":1,"minecraft:oak_planks":16,"minecraft:stone_axe":1,"minecraft:crafting_table":1,"minecraft:stick":8,"minecraft:wooden_pickaxe":1,"minecraft:stone_pickaxe":1},"minecraft:used":{"minecraft:stone_axe":2,"minecraft:stone_sword":5,"minecraft:crafting_table":2,"minecraft:stone_pickaxe":10,"minecraft:wooden_pickaxe":3},"minecraft:mined":{"minecraft:grass":7,"biomesoplenty:bush":13,"minecraft:black_stained_glass_pane":2,"minecraft:oak_log":6,"minecraft:tall_grass":3,"minecraft:stone":13,"minecraft:oak_leaves":18,"minecraft:crafting_table":2},"minecraft:picked_up":{"minecraft:crafting_table":2,"minecraft:oak_log":6,"alexsmobs:maggot":1,"minecraft:cobblestone":13}},"DataVersion":3465}