{"stats":{"minecraft:custom":{"minecraft:interact_with_furnace":17,"minecraft:mob_kills":5,"minecraft:interact_with_crafting_table":11,"minecraft:tune_noteblock":1,"minecraft:open_barrel":3,"minecraft:leave_game":1,"minecraft:time_since_death":4400,"minecraft:sleep_in_bed":2,"minecraft:climb_one_cm":1060,"minecraft:time_since_rest":4436,"minecraft:sprint_one_cm":59962,"minecraft:damage_taken":730,"minecraft:walk_one_cm":88132,"minecraft:drop":19,"minecraft:damage_dealt":400,"minecraft:play_noteblock":3,"minecraft:fly_one_cm":48790,"minecraft:open_chest":2,"minecraft:play_time":60190,"minecraft:crouch_one_cm":7662,"minecraft:deaths":2,"minecraft:sneak_time":3715,"minecraft:walk_under_water_one_cm":108,"minecraft:jump":304,"minecraft:walk_on_water_one_cm":498,"minecraft:total_world_time":60190,"minecraft:interact_with_smoker":8,"minecraft:fall_one_cm":17666},"minecraft:dropped":{"minecraft:spruce_sign":1,"minecraft:note_block":2,"minecraft:stone_axe":1,"alexsmobs:maggot":1,"minecraft:wheat_seeds":1,"minecraft:iron_nugget":3,"minecraft:white_carpet":6,"minecraft:oak_planks":1,"minecraft:damaged_anvil":1,"minecraft:stick":2,"minecraft:dirt":1,"minecraft:oak_button":2,"minecraft:white_concrete":4,"minecraft:mangrove_stairs":1,"minecraft:barrel":1,"minecraft:wooden_pickaxe":1,"minecraft:calcite":1,"minecraft:paper":7,"minecraft:dark_oak_planks":1},"minecraft:killed":{"minecraft:sheep":5},"minecraft:crafted":{"minecraft:oak_planks":44,"minecraft:crafting_table":4,"minecraft:wooden_pickaxe":1,"minecraft:furnace":2,"minecraft:stone_axe":2,"minecraft:cooked_mutton":8,"minecraft:air":0,"minecraft:diamond_pickaxe":1,"minecraft:stick":16,"minecraft:iron_ingot":60,"minecraft:iron_pickaxe":1,"minecraft:stone_pickaxe":2,"minecraft:white_bed":1,"minecraft:dark_oak_planks":8},"minecraft:broken":{"minecraft:stone_pickaxe":1,"minecraft:iron_pickaxe":1},"minecraft:used":{"minecraft:cooked_mutton":4,"minecraft:wither_skeleton_skull":1,"minecraft:stone_pickaxe":242,"minecraft:wooden_pickaxe":25,"minecraft:crafting_table":7,"minecraft:white_bed":2,"minecraft:smoker":2,"minecraft:diamond_pickaxe":99,"minecraft:iron_pickaxe":250,"minecraft:stone_axe":66,"minecraft:cobblestone":4,"minecraft:furnace":2},"minecraft:mined":{"create:zinc_ore":22,"minecraft:tuff":37,"minecraft:white_bed":2,"minecraft:mangrove_stairs":1,"iceandfire:silver_ore":1,"minecraft:deepslate_diamond_ore":22,"minecraft:smoker":4,"minecraft:dark_oak_log":2,"minecraft:crafting_table":4,"minecraft:note_block":2,"minecraft:granite":17,"minecraft:grass_block":1,"minecraft:calcite":1,"samurai_dynasty:onyx_ore":2,"minecraft:white_concrete":4,"minecraft:lectern":1,"biomesoplenty:sprout":1,"minecraft:lapis_ore":5,"minecraft:deepslate_gold_ore":10,"minecraft:damaged_anvil":1,"minecraft:diorite":16,"minecraft:furnace":2,"minecraft:iron_ore":68,"minecraft:barrel":1,"samurai_dynasty:deepslate_silver_ore":2,"minecraft:white_carpet":6,"minecraft:andesite":44,"minecraft:stripped_oak_wood":3,"create:asurine":17,"minecraft:grass":6,"minecraft:bookshelf":22,"minecraft:oak_log":23,"minecraft:coal_ore":28,"minecraft:wither_skeleton_skull":1,"minecraft:stone":145,"samurai_dynasty:deepslate_onyx_ore":6,"minecraft:gold_ore":14,"minecraft:oak_leaves":16,"minecraft:deepslate":145},"minecraft:picked_up":{"minecraft:crafting_table":4,"minecraft:andesite":44,"minecraft:smoker":4,"minecraft:tuff":37,"create:raw_zinc":22,"minecraft:oak_log":23,"minecraft:wither_skeleton_skull":1,"minecraft:lapis_lazuli":34,"minecraft:dirt":1,"minecraft:paper":7,"minecraft:white_carpet":6,"minecraft:wheat_seeds":1,"minecraft:cobbled_deepslate":128,"minecraft:raw_gold":24,"minecraft:iron_ingot":2,"samurai_dynasty:onyx":8,"minecraft:stripped_oak_wood":3,"minecraft:calcite":1,"minecraft:lectern":1,"minecraft:furnace":2,"minecraft:book":66,"samurai_dynasty:tanuki_statue":1,"minecraft:raw_iron":68,"minecraft:note_block":2,"minecraft:diorite":16,"minecraft:white_bed":2,"minecraft:dark_oak_log":2,"minecraft:barrel":1,"minecraft:mangrove_stairs":1,"minecraft:diamond":22,"minecraft:granite":17,"create:asurine":17,"minecraft:white_concrete":4,"minecraft:spruce_sign":1,"minecraft:oak_button":2,"alexsmobs:maggot":1,"minecraft:damaged_anvil":1,"minecraft:mutton":12,"minecraft:coal":47,"minecraft:white_wool":5,"iceandfire:raw_silver":1,"minecraft:cobblestone":142}},"DataVersion":3465}