{"stats":{"minecraft:custom":{"minecraft:mob_kills":6,"minecraft:interact_with_crafting_table":24,"minecraft:open_barrel":3,"minecraft:leave_game":1,"minecraft:time_since_death":52400,"minecraft:climb_one_cm":1060,"minecraft:sprint_one_cm":92528,"minecraft:walk_one_cm":145649,"minecraft:damage_blocked_by_shield":555,"minecraft:drop":25,"minecraft:play_noteblock":3,"minecraft:play_time":108190,"minecraft:deaths":2,"minecraft:sneak_time":11285,"minecraft:walk_under_water_one_cm":108,"minecraft:jump":662,"minecraft:walk_on_water_one_cm":498,"minecraft:total_world_time":108190,"minecraft:interact_with_furnace":42,"minecraft:tune_noteblock":1,"minecraft:sleep_in_bed":2,"minecraft:time_since_rest":52436,"minecraft:damage_taken":886,"minecraft:damage_dealt":601,"minecraft:fly_one_cm":78856,"minecraft:open_chest":2,"minecraft:crouch_one_cm":21831,"minecraft:interact_with_smoker":8,"minecraft:fall_one_cm":22659},"minecraft:dropped":{"minecraft:spruce_sign":1,"minecraft:wheat_seeds":1,"minecraft:lantern":1,"minecraft:granite":8,"minecraft:stick":2,"minecraft:dirt":1,"minecraft:diorite":36,"minecraft:white_concrete":4,"minecraft:mangrove_stairs":1,"minecraft:paper":7,"minecraft:dark_oak_planks":1,"minecraft:gravel":3,"minecraft:note_block":2,"minecraft:stone_axe":1,"alexsmobs:maggot":1,"minecraft:iron_nugget":3,"minecraft:tuff":45,"minecraft:white_carpet":6,"minecraft:oak_planks":1,"minecraft:damaged_anvil":1,"minecraft:oak_button":2,"minecraft:andesite":43,"minecraft:barrel":1,"minecraft:wooden_pickaxe":1,"minecraft:calcite":1},"minecraft:killed":{"minecraft:sheep":5,"minecraft:zombie":1},"minecraft:crafted":{"minecraft:oak_planks":80,"minecraft:furnace":8,"minecraft:cooked_mutton":8,"minecraft:iron_boots":1,"minecraft:iron_axe":1,"minecraft:stone_pickaxe":4,"minecraft:dark_oak_planks":8,"minecraft:crafting_table":6,"minecraft:wooden_pickaxe":2,"minecraft:iron_helmet":1,"minecraft:stone_axe":3,"minecraft:air":0,"minecraft:iron_chestplate":1,"minecraft:diamond_pickaxe":2,"minecraft:shield":1,"minecraft:stick":32,"minecraft:iron_ingot":134,"minecraft:iron_pickaxe":3,"minecraft:iron_leggings":1,"minecraft:white_bed":1},"minecraft:broken":{"minecraft:stone_pickaxe":2,"minecraft:iron_pickaxe":1},"minecraft:used":{"minecraft:shield":5,"minecraft:rotten_flesh":2,"minecraft:iron_axe":7,"minecraft:furnace":11,"minecraft:cobbled_deepslate":111,"minecraft:cooked_mutton":4,"minecraft:wither_skeleton_skull":1,"minecraft:stone_pickaxe":412,"minecraft:wooden_pickaxe":31,"minecraft:crafting_table":13,"minecraft:white_bed":2,"minecraft:smoker":2,"minecraft:diamond_pickaxe":749,"minecraft:iron_pickaxe":613,"minecraft:stone_axe":78,"minecraft:cobblestone":4,"minecraft:andesite":3,"chococraft:gysahl_green":11},"minecraft:mined":{"create:zinc_ore":22,"create:deepslate_zinc_ore":13,"minecraft:tuff":82,"minecraft:white_bed":2,"iceandfire:silver_ore":5,"minecraft:deepslate_diamond_ore":82,"samurai_dynasty:deepslate_aquamarine_ore":9,"minecraft:dark_oak_log":2,"minecraft:granite":30,"minecraft:budding_amethyst":3,"minecraft:grass_block":3,"samurai_dynasty:onyx_ore":2,"minecraft:white_concrete":4,"iceandfire:deepslate_silver_ore":3,"minecraft:furnace":11,"minecraft:raw_gold_block":24,"minecraft:iron_ore":150,"minecraft:cobbled_deepslate":3,"minecraft:barrel":1,"minecraft:andesite":103,"minecraft:deepslate_lapis_ore":6,"create:asurine":43,"chococraft:gysahl_green":10,"minecraft:bookshelf":22,"minecraft:deepslate_iron_ore":3,"minecraft:lantern":1,"minecraft:stone":320,"samurai_dynasty:deepslate_onyx_ore":6,"minecraft:deepslate_redstone_ore":4,"minecraft:mangrove_stairs":1,"minecraft:smoker":4,"minecraft:crafting_table":8,"minecraft:note_block":2,"minecraft:calcite":13,"minecraft:lectern":1,"minecraft:copper_ore":9,"minecraft:mangrove_fence_gate":1,"minecraft:deepslate_gold_ore":35,"biomesoplenty:sprout":2,"minecraft:lapis_ore":5,"minecraft:damaged_anvil":1,"minecraft:diorite":52,"minecraft:amethyst_block":5,"minecraft:deepslate_copper_ore":4,"samurai_dynasty:deepslate_silver_ore":16,"samurai_dynasty:deepslate_jade_ore":1,"minecraft:white_carpet":6,"minecraft:stripped_oak_wood":3,"minecraft:grass":14,"minecraft:coal_ore":90,"minecraft:oak_log":39,"minecraft:gravel":3,"minecraft:dirt":4,"minecraft:smooth_basalt":6,"minecraft:wither_skeleton_skull":1,"minecraft:gold_ore":28,"minecraft:oak_leaves":18,"minecraft:deepslate":595},"minecraft:picked_up":{"minecraft:crafting_table":8,"minecraft:amethyst_block":5,"minecraft:raw_copper":43,"minecraft:white_carpet":6,"minecraft:cobbled_deepslate":491,"samurai_dynasty:raw_silver":14,"minecraft:calcite":13,"samurai_dynasty:onyx":8,"minecraft:lectern":1,"samurai_dynasty:aquamarine":9,"minecraft:furnace":11,"minecraft:egg":1,"minecraft:raw_iron":153,"minecraft:raw_gold_block":24,"minecraft:note_block":2,"minecraft:diorite":52,"minecraft:redstone":19,"minecraft:mangrove_stairs":1,"minecraft:rotten_flesh":2,"create:asurine":40,"minecraft:mutton":12,"minecraft:white_wool":5,"minecraft:cobblestone":262,"minecraft:andesite":90,"samurai_dynasty:jade":1,"minecraft:smoker":4,"minecraft:tuff":82,"create:raw_zinc":35,"minecraft:oak_log":38,"minecraft:wither_skeleton_skull":1,"minecraft:lantern":1,"minecraft:lapis_lazuli":77,"minecraft:dirt":1,"minecraft:paper":7,"chococraft:gysahl_green":26,"minecraft:wheat_seeds":1,"minecraft:raw_gold":63,"minecraft:iron_ingot":8,"minecraft:stripped_oak_wood":3,"minecraft:mangrove_fence_gate":1,"minecraft:book":66,"samurai_dynasty:tanuki_statue":1,"minecraft:smooth_basalt":6,"minecraft:gravel":3,"minecraft:white_bed":2,"minecraft:dark_oak_log":2,"minecraft:barrel":1,"minecraft:diamond":82,"minecraft:granite":25,"minecraft:white_concrete":4,"minecraft:spruce_sign":1,"minecraft:oak_button":2,"alexsmobs:maggot":1,"minecraft:damaged_anvil":1,"minecraft:coal":133,"iceandfire:raw_silver":8}},"DataVersion":3465}