{"stats":{"minecraft:custom":{"minecraft:time_since_rest":5866,"minecraft:crouch_one_cm":1662,"minecraft:play_time":5866,"minecraft:sprint_one_cm":10949,"minecraft:damage_taken":120,"minecraft:walk_one_cm":12047,"minecraft:sneak_time":718,"minecraft:jump":46,"minecraft:time_since_death":5866,"minecraft:total_world_time":5866,"minecraft:play_noteblock":1,"minecraft:interact_with_crafting_table":3,"minecraft:fall_one_cm":3505,"minecraft:fly_one_cm":7944,"minecraft:open_barrel":3},"minecraft:crafted":{"minecraft:oak_planks":4,"minecraft:dark_oak_planks":8,"minecraft:stone_axe":1,"minecraft:crafting_table":1,"minecraft:stick":4,"minecraft:wooden_pickaxe":1},"minecraft:used":{"minecraft:stone_axe":34,"minecraft:crafting_table":1,"minecraft:wooden_pickaxe":12},"minecraft:mined":{"minecraft:grass":1,"minecraft:bookshelf":21,"minecraft:oak_log":3,"minecraft:white_concrete":4,"minecraft:note_block":1,"minecraft:barrel":1,"minecraft:smoker":1,"minecraft:stone":6,"minecraft:dark_oak_log":2,"minecraft:stripped_oak_wood":3,"minecraft:damaged_anvil":1,"minecraft:oak_leaves":11},"minecraft:picked_up":{"minecraft:book":63,"minecraft:smoker":1,"minecraft:note_block":1,"minecraft:stripped_oak_wood":3,"minecraft:white_concrete":4,"minecraft:oak_log":3,"minecraft:oak_button":2,"minecraft:damaged_anvil":1,"minecraft:barrel":1,"minecraft:dark_oak_log":2,"minecraft:paper":7,"minecraft:cobblestone":6}},"DataVersion":3465}