{"stats":{"minecraft:custom":{"minecraft:interact_with_furnace":42,"minecraft:mob_kills":5,"minecraft:interact_with_crafting_table":24,"minecraft:tune_noteblock":1,"minecraft:open_barrel":3,"minecraft:leave_game":1,"minecraft:time_since_death":28400,"minecraft:sleep_in_bed":2,"minecraft:climb_one_cm":1060,"minecraft:time_since_rest":28436,"minecraft:sprint_one_cm":73780,"minecraft:damage_taken":766,"minecraft:walk_one_cm":114528,"minecraft:drop":20,"minecraft:damage_dealt":400,"minecraft:play_noteblock":3,"minecraft:fly_one_cm":60478,"minecraft:open_chest":2,"minecraft:play_time":84190,"minecraft:crouch_one_cm":16545,"minecraft:deaths":2,"minecraft:sneak_time":8839,"minecraft:walk_under_water_one_cm":108,"minecraft:jump":374,"minecraft:walk_on_water_one_cm":498,"minecraft:total_world_time":84190,"minecraft:interact_with_smoker":8,"minecraft:fall_one_cm":19787},"minecraft:dropped":{"minecraft:spruce_sign":1,"minecraft:note_block":2,"minecraft:stone_axe":1,"alexsmobs:maggot":1,"minecraft:wheat_seeds":1,"minecraft:iron_nugget":3,"minecraft:white_carpet":6,"minecraft:oak_planks":1,"minecraft:damaged_anvil":1,"minecraft:stick":2,"minecraft:dirt":1,"minecraft:oak_button":2,"minecraft:andesite":43,"minecraft:white_concrete":4,"minecraft:mangrove_stairs":1,"minecraft:barrel":1,"minecraft:wooden_pickaxe":1,"minecraft:calcite":1,"minecraft:paper":7,"minecraft:dark_oak_planks":1},"minecraft:killed":{"minecraft:sheep":5},"minecraft:crafted":{"minecraft:oak_planks":80,"minecraft:crafting_table":6,"minecraft:iron_helmet":1,"minecraft:wooden_pickaxe":2,"minecraft:furnace":8,"minecraft:stone_axe":3,"minecraft:cooked_mutton":8,"minecraft:air":0,"minecraft:iron_boots":1,"minecraft:iron_chestplate":1,"minecraft:diamond_pickaxe":2,"minecraft:shield":1,"minecraft:iron_axe":1,"minecraft:stick":32,"minecraft:iron_ingot":134,"minecraft:iron_pickaxe":3,"minecraft:stone_pickaxe":4,"minecraft:iron_leggings":1,"minecraft:white_bed":1,"minecraft:dark_oak_planks":8},"minecraft:broken":{"minecraft:stone_pickaxe":2,"minecraft:iron_pickaxe":1},"minecraft:used":{"minecraft:cooked_mutton":4,"minecraft:wither_skeleton_skull":1,"minecraft:stone_pickaxe":412,"minecraft:wooden_pickaxe":31,"minecraft:crafting_table":13,"minecraft:white_bed":2,"minecraft:smoker":2,"minecraft:diamond_pickaxe":102,"minecraft:iron_axe":3,"minecraft:iron_pickaxe":613,"minecraft:stone_axe":77,"minecraft:cobblestone":4,"minecraft:furnace":11,"minecraft:andesite":3},"minecraft:mined":{"create:zinc_ore":22,"minecraft:tuff":71,"minecraft:white_bed":2,"minecraft:mangrove_stairs":1,"iceandfire:silver_ore":4,"samurai_dynasty:deepslate_aquamarine_ore":9,"minecraft:deepslate_diamond_ore":39,"minecraft:smoker":4,"minecraft:dark_oak_log":2,"minecraft:crafting_table":8,"minecraft:note_block":2,"minecraft:granite":25,"minecraft:budding_amethyst":3,"minecraft:grass_block":1,"minecraft:calcite":13,"samurai_dynasty:onyx_ore":2,"iceandfire:deepslate_silver_ore":3,"minecraft:white_concrete":4,"minecraft:lectern":1,"minecraft:copper_ore":2,"biomesoplenty:sprout":1,"minecraft:lapis_ore":5,"minecraft:deepslate_gold_ore":10,"minecraft:damaged_anvil":1,"minecraft:diorite":52,"minecraft:amethyst_block":5,"minecraft:deepslate_copper_ore":3,"minecraft:furnace":11,"minecraft:iron_ore":148,"minecraft:barrel":1,"samurai_dynasty:deepslate_silver_ore":2,"samurai_dynasty:deepslate_jade_ore":1,"minecraft:white_carpet":6,"minecraft:andesite":90,"minecraft:stripped_oak_wood":3,"create:asurine":43,"minecraft:grass":6,"minecraft:bookshelf":22,"minecraft:oak_log":39,"minecraft:coal_ore":48,"minecraft:deepslate_iron_ore":3,"minecraft:gravel":2,"minecraft:smooth_basalt":6,"minecraft:wither_skeleton_skull":1,"minecraft:stone":248,"samurai_dynasty:deepslate_onyx_ore":6,"minecraft:gold_ore":20,"minecraft:oak_leaves":18,"minecraft:deepslate":250},"minecraft:picked_up":{"minecraft:crafting_table":8,"minecraft:andesite":90,"samurai_dynasty:jade":1,"minecraft:smoker":4,"minecraft:tuff":71,"create:raw_zinc":22,"minecraft:oak_log":38,"minecraft:wither_skeleton_skull":1,"minecraft:amethyst_block":5,"minecraft:lapis_lazuli":34,"minecraft:raw_copper":17,"minecraft:dirt":1,"minecraft:paper":7,"minecraft:white_carpet":6,"minecraft:wheat_seeds":1,"minecraft:cobbled_deepslate":234,"minecraft:raw_gold":30,"minecraft:iron_ingot":8,"samurai_dynasty:onyx":8,"minecraft:stripped_oak_wood":3,"minecraft:calcite":13,"minecraft:lectern":1,"samurai_dynasty:aquamarine":9,"minecraft:egg":1,"minecraft:furnace":11,"minecraft:book":66,"samurai_dynasty:tanuki_statue":1,"minecraft:raw_iron":151,"minecraft:smooth_basalt":6,"minecraft:gravel":2,"minecraft:note_block":2,"minecraft:diorite":52,"minecraft:white_bed":2,"minecraft:dark_oak_log":2,"minecraft:barrel":1,"minecraft:mangrove_stairs":1,"minecraft:diamond":39,"minecraft:granite":25,"create:asurine":40,"minecraft:white_concrete":4,"minecraft:spruce_sign":1,"minecraft:oak_button":2,"alexsmobs:maggot":1,"minecraft:damaged_anvil":1,"minecraft:mutton":12,"minecraft:coal":91,"minecraft:white_wool":5,"iceandfire:raw_silver":7,"minecraft:cobblestone":244}},"DataVersion":3465}