{"stats":{"minecraft:custom":{"minecraft:interact_with_furnace":5,"minecraft:mob_kills":5,"minecraft:interact_with_crafting_table":9,"minecraft:tune_noteblock":1,"minecraft:open_barrel":3,"minecraft:time_since_death":41866,"minecraft:sleep_in_bed":2,"minecraft:climb_one_cm":1060,"minecraft:time_since_rest":12056,"minecraft:sprint_one_cm":44785,"minecraft:damage_taken":320,"minecraft:walk_one_cm":58803,"minecraft:drop":18,"minecraft:damage_dealt":400,"minecraft:play_noteblock":3,"minecraft:fly_one_cm":41516,"minecraft:open_chest":2,"minecraft:crouch_one_cm":5882,"minecraft:play_time":41866,"minecraft:sneak_time":2769,"minecraft:jump":253,"minecraft:interact_with_smoker":5,"minecraft:total_world_time":41866,"minecraft:fall_one_cm":10659},"minecraft:dropped":{"minecraft:note_block":2,"minecraft:spruce_sign":1,"minecraft:stone_axe":1,"alexsmobs:maggot":1,"minecraft:wheat_seeds":1,"minecraft:iron_nugget":3,"minecraft:white_carpet":6,"minecraft:oak_planks":1,"minecraft:damaged_anvil":1,"minecraft:dirt":1,"minecraft:oak_button":2,"minecraft:white_concrete":4,"minecraft:mangrove_stairs":1,"minecraft:barrel":1,"minecraft:wooden_pickaxe":1,"minecraft:calcite":1,"minecraft:paper":7,"minecraft:dark_oak_planks":1},"minecraft:killed":{"minecraft:sheep":5},"minecraft:crafted":{"minecraft:oak_planks":44,"minecraft:crafting_table":4,"minecraft:wooden_pickaxe":1,"minecraft:furnace":2,"minecraft:stone_axe":2,"minecraft:cooked_mutton":4,"minecraft:air":0,"minecraft:stick":12,"minecraft:iron_ingot":2,"minecraft:stone_pickaxe":2,"minecraft:white_bed":1,"minecraft:dark_oak_planks":8},"minecraft:broken":{"minecraft:stone_pickaxe":1},"minecraft:mined":{"minecraft:mangrove_stairs":1,"minecraft:white_bed":2,"iceandfire:silver_ore":1,"minecraft:smoker":3,"minecraft:dark_oak_log":2,"minecraft:crafting_table":2,"minecraft:note_block":2,"minecraft:granite":17,"minecraft:grass_block":1,"minecraft:calcite":1,"minecraft:lectern":1,"minecraft:white_concrete":4,"biomesoplenty:sprout":1,"minecraft:lapis_ore":5,"minecraft:damaged_anvil":1,"minecraft:iron_ore":48,"minecraft:barrel":1,"minecraft:white_carpet":6,"minecraft:andesite":22,"minecraft:stripped_oak_wood":3,"create:asurine":17,"minecraft:grass":6,"minecraft:oak_log":19,"minecraft:bookshelf":22,"minecraft:coal_ore":28,"minecraft:wither_skeleton_skull":1,"minecraft:stone":117,"minecraft:oak_leaves":16},"minecraft:used":{"minecraft:cooked_mutton":3,"minecraft:wither_skeleton_skull":1,"minecraft:stone_pickaxe":242,"minecraft:wooden_pickaxe":25,"minecraft:crafting_table":5,"minecraft:white_bed":2,"minecraft:smoker":1,"minecraft:stone_axe":64,"minecraft:cobblestone":4,"minecraft:furnace":2},"minecraft:picked_up":{"minecraft:crafting_table":2,"minecraft:andesite":21,"minecraft:smoker":3,"minecraft:oak_log":19,"minecraft:wither_skeleton_skull":1,"minecraft:lapis_lazuli":34,"minecraft:dirt":1,"minecraft:paper":7,"minecraft:white_carpet":6,"minecraft:wheat_seeds":1,"minecraft:stripped_oak_wood":3,"minecraft:calcite":1,"minecraft:lectern":1,"minecraft:book":66,"samurai_dynasty:tanuki_statue":1,"minecraft:raw_iron":48,"minecraft:note_block":2,"minecraft:white_bed":2,"minecraft:dark_oak_log":2,"minecraft:barrel":1,"minecraft:mangrove_stairs":1,"minecraft:granite":17,"create:asurine":17,"minecraft:white_concrete":4,"minecraft:spruce_sign":1,"minecraft:oak_button":2,"alexsmobs:maggot":1,"minecraft:damaged_anvil":1,"minecraft:mutton":12,"minecraft:coal":28,"minecraft:white_wool":5,"iceandfire:raw_silver":1,"minecraft:cobblestone":114}},"DataVersion":3465}