{"stats":{"minecraft:custom":{"minecraft:mob_kills":5,"minecraft:interact_with_crafting_table":6,"minecraft:tune_noteblock":1,"minecraft:open_barrel":3,"minecraft:time_since_death":29866,"minecraft:sleep_in_bed":2,"minecraft:climb_one_cm":1060,"minecraft:time_since_rest":56,"minecraft:sprint_one_cm":40173,"minecraft:damage_taken":260,"minecraft:walk_one_cm":47600,"minecraft:drop":18,"minecraft:damage_dealt":400,"minecraft:play_noteblock":3,"minecraft:fly_one_cm":40446,"minecraft:open_chest":2,"minecraft:crouch_one_cm":4140,"minecraft:play_time":29866,"minecraft:sneak_time":1667,"minecraft:jump":238,"minecraft:interact_with_smoker":5,"minecraft:total_world_time":29866,"minecraft:fall_one_cm":9263},"minecraft:dropped":{"minecraft:note_block":2,"minecraft:spruce_sign":1,"minecraft:stone_axe":1,"alexsmobs:maggot":1,"minecraft:wheat_seeds":1,"minecraft:iron_nugget":3,"minecraft:white_carpet":6,"minecraft:oak_planks":1,"minecraft:damaged_anvil":1,"minecraft:dirt":1,"minecraft:oak_button":2,"minecraft:white_concrete":4,"minecraft:mangrove_stairs":1,"minecraft:barrel":1,"minecraft:wooden_pickaxe":1,"minecraft:calcite":1,"minecraft:paper":7,"minecraft:dark_oak_planks":1},"minecraft:killed":{"minecraft:sheep":5},"minecraft:crafted":{"minecraft:oak_planks":12,"minecraft:crafting_table":2,"minecraft:wooden_pickaxe":1,"minecraft:stone_axe":1,"minecraft:cooked_mutton":4,"minecraft:air":0,"minecraft:stick":8,"minecraft:stone_pickaxe":1,"minecraft:white_bed":1,"minecraft:dark_oak_planks":8},"minecraft:mined":{"minecraft:mangrove_stairs":1,"minecraft:white_bed":2,"iceandfire:silver_ore":1,"minecraft:smoker":3,"minecraft:dark_oak_log":2,"minecraft:crafting_table":1,"minecraft:note_block":2,"minecraft:grass_block":1,"minecraft:calcite":1,"minecraft:lectern":1,"minecraft:white_concrete":4,"biomesoplenty:sprout":1,"minecraft:damaged_anvil":1,"minecraft:barrel":1,"minecraft:white_carpet":6,"minecraft:stripped_oak_wood":3,"create:asurine":17,"minecraft:grass":5,"minecraft:oak_log":3,"minecraft:bookshelf":22,"minecraft:coal_ore":27,"minecraft:wither_skeleton_skull":1,"minecraft:stone":31,"minecraft:oak_leaves":11},"minecraft:used":{"minecraft:cooked_mutton":3,"minecraft:wither_skeleton_skull":1,"minecraft:stone_pickaxe":62,"minecraft:wooden_pickaxe":25,"minecraft:crafting_table":3,"minecraft:white_bed":2,"minecraft:smoker":1,"minecraft:stone_axe":55,"minecraft:cobblestone":4},"minecraft:picked_up":{"minecraft:crafting_table":1,"minecraft:smoker":3,"minecraft:oak_log":3,"minecraft:wither_skeleton_skull":1,"minecraft:dirt":1,"minecraft:paper":7,"minecraft:white_carpet":6,"minecraft:wheat_seeds":1,"minecraft:stripped_oak_wood":3,"minecraft:calcite":1,"minecraft:lectern":1,"minecraft:book":66,"samurai_dynasty:tanuki_statue":1,"minecraft:note_block":2,"minecraft:white_bed":2,"minecraft:dark_oak_log":2,"minecraft:barrel":1,"minecraft:mangrove_stairs":1,"create:asurine":17,"minecraft:white_concrete":4,"minecraft:spruce_sign":1,"minecraft:oak_button":2,"alexsmobs:maggot":1,"minecraft:damaged_anvil":1,"minecraft:mutton":12,"minecraft:coal":27,"minecraft:white_wool":5,"iceandfire:raw_silver":1,"minecraft:cobblestone":28}},"DataVersion":3465}