{"stats":{"minecraft:custom":{"minecraft:time_since_rest":5635,"minecraft:sprint_one_cm":28268,"minecraft:damage_taken":260,"minecraft:walk_one_cm":37418,"minecraft:mob_kills":5,"minecraft:damage_dealt":400,"minecraft:play_noteblock":3,"minecraft:tune_noteblock":1,"minecraft:interact_with_crafting_table":6,"minecraft:fly_one_cm":33308,"minecraft:open_barrel":3,"minecraft:crouch_one_cm":2542,"minecraft:play_time":17866,"minecraft:sneak_time":1092,"minecraft:jump":170,"minecraft:sleep_in_bed":1,"minecraft:time_since_death":17866,"minecraft:climb_one_cm":1060,"minecraft:total_world_time":17866,"minecraft:interact_with_smoker":5,"minecraft:fall_one_cm":8576},"minecraft:killed":{"minecraft:sheep":5},"minecraft:crafted":{"minecraft:oak_planks":12,"minecraft:crafting_table":2,"minecraft:stick":8,"minecraft:wooden_pickaxe":1,"minecraft:stone_pickaxe":1,"minecraft:white_bed":1,"minecraft:dark_oak_planks":8,"minecraft:stone_axe":1,"minecraft:air":0,"minecraft:cooked_mutton":4},"minecraft:mined":{"minecraft:white_bed":1,"iceandfire:silver_ore":1,"minecraft:barrel":1,"minecraft:smoker":3,"minecraft:dark_oak_log":2,"minecraft:stripped_oak_wood":3,"minecraft:crafting_table":1,"minecraft:note_block":2,"minecraft:grass":5,"minecraft:bookshelf":22,"minecraft:coal_ore":27,"minecraft:oak_log":3,"minecraft:lectern":1,"minecraft:white_concrete":4,"minecraft:wither_skeleton_skull":1,"minecraft:stone":18,"minecraft:damaged_anvil":1,"minecraft:oak_leaves":11},"minecraft:used":{"minecraft:cooked_mutton":3,"minecraft:wither_skeleton_skull":1,"minecraft:stone_pickaxe":36,"minecraft:wooden_pickaxe":18,"minecraft:stone_axe":48,"minecraft:crafting_table":3,"minecraft:white_bed":1,"minecraft:smoker":1},"minecraft:picked_up":{"minecraft:book":66,"minecraft:crafting_table":1,"minecraft:smoker":3,"minecraft:note_block":2,"minecraft:oak_log":3,"minecraft:white_bed":1,"minecraft:wither_skeleton_skull":1,"minecraft:dark_oak_log":2,"minecraft:barrel":1,"minecraft:paper":7,"minecraft:wheat_seeds":1,"alexsmobs:maggot":1,"minecraft:spruce_sign":1,"minecraft:white_concrete":4,"minecraft:stripped_oak_wood":3,"minecraft:oak_button":2,"minecraft:lectern":1,"minecraft:coal":27,"minecraft:damaged_anvil":1,"minecraft:mutton":12,"iceandfire:raw_silver":1,"minecraft:white_wool":5,"minecraft:cobblestone":18}},"DataVersion":3465}